{"step": 2, "loss": 1.0342196226119995, "_timestamp": 1746368681.682493, "_runtime": 130.0223639011383, "_step": 2, "_wandb": {"runtime": 188}}