{"step": 55, "loss": 0.1488230973482132, "_timestamp": 1746367842.162483, "_runtime": 228.2713770866394, "_step": 55, "_wandb": {"runtime": 231}}